index	label	space	Description 	Citation
1	Accumbens_L_HO50	MNI152NLin6Asym	"The NA was defined using the Harvard-Oxford atlas thresholded at a 50% probability (Desikan et al., 2006). "	
2	Accumbens_R_HO50	MNI152NLin6Asym	"The NA was defined using the Harvard-Oxford atlas thresholded at a 50% probability (Desikan et al., 2006). "	
3	Amygdala_L_HO50	MNI152NLin6Asym	"The amygdala was defined using the Harvard-Oxford atlas thresholded at a 50% probability (Desikan et al., 2006). "	
4	Amygdala_R_HO50	MNI152NLin6Asym	"The amygdala was defined using the Harvard-Oxford atlas thresholded at a 50% probability (Desikan et al., 2006). "	
5	BNST_3t_L_90	MNI152 linear SPM	"The BNST was defined using a mask previously created my our group using an ultra-high field (7T) MRI and a specialized GRASE sequence to trace the BNST (Avery et al., 2014). To ensure the BNST was engaged during the task, whole brain activation was examined. "	
6	BNST_3t_R_90	MNI152 linear SPM	"The BNST was defined using a mask previously created my our group using an ultra-high field (7T) MRI and a specialized GRASE sequence to trace the BNST (Avery et al., 2014). To ensure the BNST was engaged during the task, whole brain activation was examined. "	
7	dACC	MNI152 linear SPM	coordinate based	
8	Hippocampus_Ant_L_HO	MNI152NLin6Asym	"The anterior hippocampus was defined using the Harvard-Oxford atlas thresholded at a 50% probability (Desikan et al., 2006) using the additional boundary of the uncus to identify the anterior hippocampus. "	
9	Hippocampus_Ant_R_HO	MNI152NLin6Asym	"The anterior hippocampus was defined using the Harvard-Oxford atlas thresholded at a 50% probability (Desikan et al., 2006) using the additional boundary of the uncus to identify the anterior hippocampus. "	
10	Hypothalamus_L	MNI152 linear SPM	"The hypothalamus mask was created based on the Mai atlas using methods similar to those for the BNST (Avery et al., 2014). "	
11	Hypothalamus_R	MNI152 linear SPM	"The hypothalamus mask was created based on the Mai atlas using methods similar to those for the BNST (Avery et al., 2014). "	
12	Insula_dAI_L		Deen	https://doi.org/10.1093/cercor/bhq186
13	Insula_dAI_R		Deen	https://doi.org/10.1093/cercor/bhq186
14	Insula_vAI_L		Deen	https://doi.org/10.1093/cercor/bhq186
15	Insula_vAI_R		Deen	https://doi.org/10.1093/cercor/bhq186
16	Insula_PI_L		Deen	https://doi.org/10.1093/cercor/bhq186
17	Insula_PI_R		Deen	https://doi.org/10.1093/cercor/bhq186
18	rACC	MNI152 linear SPM	coordinate based	
19	vmPFC	MNI152 linear SPM	"The vmPFC mask was defined based on a 10mm sphere surrounding the peak point of vmPFC-BNST connectivity from a previous study [x = 0, y = 43, z = -9] (Avery et al., 2014). "	
				
				
** analysis in run fMRI prep in this space MNI152NLin6Asym				